Sample in Buffer,Sample in Window,TRIGGER,u_fifo_ctrl/tFpgaRead[63:0],u_fifo_ctrl/tFpgaWrite[63:0],u_fifo_ctrl/tMaxPcLoop[63:0],u_fifo_ctrl/tPcLoop[63:0]
Radix - UNSIGNED,UNSIGNED,UNSIGNED,UNSIGNED,UNSIGNED,UNSIGNED,UNSIGNED
0,0,0,259,1087,771078,94235
1,1,0,259,1087,771078,94235
2,2,0,259,1087,771078,94235
3,3,0,259,1087,771078,94235
4,4,0,259,1087,771078,94235
5,5,0,259,1087,771078,94235
6,6,0,259,1087,771078,94235
7,7,0,259,1087,771078,94235
8,8,0,259,1087,771078,94235
9,9,0,259,1087,771078,94235
10,10,0,259,1087,771078,94235
11,11,0,259,1087,771078,94235
12,12,0,259,1087,771078,94235
13,13,0,259,1087,771078,94235
14,14,0,259,1087,771078,94235
15,15,0,259,1087,771078,94235
16,16,0,259,1087,771078,94235
17,17,0,259,1087,771078,94235
18,18,0,259,1087,771078,94235
19,19,0,259,1087,771078,94235
20,20,0,259,1087,771078,94235
21,21,0,259,1087,771078,94235
22,22,0,259,1087,771078,94235
23,23,0,259,1087,771078,94235
24,24,0,259,1087,771078,94235
25,25,0,259,1087,771078,94235
26,26,0,259,1087,771078,94235
27,27,0,259,1087,771078,94235
28,28,0,259,1087,771078,94235
29,29,0,259,1087,771078,94235
30,30,0,259,1087,771078,94235
31,31,0,259,1087,771078,94235
32,32,0,259,1087,771078,94235
33,33,0,259,1087,771078,94235
34,34,0,259,1087,771078,94235
35,35,0,259,1087,771078,94235
36,36,0,259,1087,771078,94235
37,37,0,259,1087,771078,94235
38,38,0,259,1087,771078,94235
39,39,0,259,1087,771078,94235
40,40,0,259,1087,771078,94235
41,41,0,259,1087,771078,94235
42,42,0,259,1087,771078,94235
43,43,0,259,1087,771078,94235
44,44,0,259,1087,771078,94235
45,45,0,259,1087,771078,94235
46,46,0,259,1087,771078,94235
47,47,0,259,1087,771078,94235
48,48,0,259,1087,771078,94235
49,49,0,259,1087,771078,94235
50,50,0,259,1087,771078,94235
51,51,0,259,1087,771078,94235
52,52,0,259,1087,771078,94235
53,53,0,259,1087,771078,94235
54,54,0,259,1087,771078,94235
55,55,0,259,1087,771078,94235
56,56,0,259,1087,771078,94235
57,57,0,259,1087,771078,94235
58,58,0,259,1087,771078,94235
59,59,0,259,1087,771078,94235
60,60,0,259,1087,771078,94235
61,61,0,259,1087,771078,94235
62,62,0,259,1087,771078,94235
63,63,0,259,1087,771078,94235
64,64,0,259,1087,771078,94235
65,65,0,259,1087,771078,94235
66,66,0,259,1087,771078,94235
67,67,0,259,1087,771078,94235
68,68,0,259,1087,771078,94235
69,69,0,259,1087,771078,94235
70,70,0,259,1087,771078,94235
71,71,0,259,1087,771078,94235
72,72,0,259,1087,771078,94235
73,73,0,259,1087,771078,94235
74,74,0,259,1087,771078,94235
75,75,0,259,1087,771078,94235
76,76,0,259,1087,771078,94235
77,77,0,259,1087,771078,94235
78,78,0,259,1087,771078,94235
79,79,0,259,1087,771078,94235
80,80,0,259,1087,771078,94235
81,81,0,259,1087,771078,94235
82,82,0,259,1087,771078,94235
83,83,0,259,1087,771078,94235
84,84,0,259,1087,771078,94235
85,85,0,259,1087,771078,94235
86,86,0,259,1087,771078,94235
87,87,0,259,1087,771078,94235
88,88,0,259,1087,771078,94235
89,89,0,259,1087,771078,94235
90,90,0,259,1087,771078,94235
91,91,0,259,1087,771078,94235
92,92,0,259,1087,771078,94235
93,93,0,259,1087,771078,94235
94,94,0,259,1087,771078,94235
95,95,0,259,1087,771078,94235
96,96,0,259,1087,771078,94235
97,97,0,259,1087,771078,94235
98,98,0,259,1087,771078,94235
99,99,0,259,1087,771078,94235
100,100,0,259,1087,771078,94235
101,101,0,259,1087,771078,94235
102,102,0,259,1087,771078,94235
103,103,0,259,1087,771078,94235
104,104,0,259,1087,771078,94235
105,105,0,259,1087,771078,94235
106,106,0,259,1087,771078,94235
107,107,0,259,1087,771078,94235
108,108,0,259,1087,771078,94235
109,109,0,259,1087,771078,94235
110,110,0,259,1087,771078,94235
111,111,0,259,1087,771078,94235
112,112,0,259,1087,771078,94235
113,113,0,259,1087,771078,94235
114,114,0,259,1087,771078,94235
115,115,0,259,1087,771078,94235
116,116,0,259,1087,771078,94235
117,117,0,259,1087,771078,94235
118,118,0,259,1087,771078,94235
119,119,0,259,1087,771078,94235
120,120,0,259,1087,771078,94235
121,121,0,259,1087,771078,94235
122,122,0,259,1087,771078,94235
123,123,0,259,1087,771078,94235
124,124,0,259,1087,771078,94235
125,125,0,259,1087,771078,94235
126,126,0,259,1087,771078,94235
127,127,0,259,1087,771078,94235
128,128,0,259,1087,771078,94235
129,129,0,259,1087,771078,94235
130,130,0,259,1087,771078,94235
131,131,0,259,1087,771078,94235
132,132,0,259,1087,771078,94235
133,133,0,259,1087,771078,94235
134,134,0,259,1087,771078,94235
135,135,0,259,1087,771078,94235
136,136,0,259,1087,771078,94235
137,137,0,259,1087,771078,94235
138,138,0,259,1087,771078,94235
139,139,0,259,1087,771078,94235
140,140,0,259,1087,771078,94235
141,141,0,259,1087,771078,94235
142,142,0,259,1087,771078,94235
143,143,0,259,1087,771078,94235
144,144,0,259,1087,771078,94235
145,145,0,259,1087,771078,94235
146,146,0,259,1087,771078,94235
147,147,0,259,1087,771078,94235
148,148,0,259,1087,771078,94235
149,149,0,259,1087,771078,94235
150,150,0,259,1087,771078,94235
151,151,0,259,1087,771078,94235
152,152,0,259,1087,771078,94235
153,153,0,259,1087,771078,94235
154,154,0,259,1087,771078,94235
155,155,0,259,1087,771078,94235
156,156,0,259,1087,771078,94235
157,157,0,259,1087,771078,94235
158,158,0,259,1087,771078,94235
159,159,0,259,1087,771078,94235
160,160,0,259,1087,771078,94235
161,161,0,259,1087,771078,94235
162,162,0,259,1087,771078,94235
163,163,0,259,1087,771078,94235
164,164,0,259,1087,771078,94235
165,165,0,259,1087,771078,94235
166,166,0,259,1087,771078,94235
167,167,0,259,1087,771078,94235
168,168,0,259,1087,771078,94235
169,169,0,259,1087,771078,94235
170,170,0,259,1087,771078,94235
171,171,0,259,1087,771078,94235
172,172,0,259,1087,771078,94235
173,173,0,259,1087,771078,94235
174,174,0,259,1087,771078,94235
175,175,0,259,1087,771078,94235
176,176,0,259,1087,771078,94235
177,177,0,259,1087,771078,94235
178,178,0,259,1087,771078,94235
179,179,0,259,1087,771078,94235
180,180,0,259,1087,771078,94235
181,181,0,259,1087,771078,94235
182,182,0,259,1087,771078,94235
183,183,0,259,1087,771078,94235
184,184,0,259,1087,771078,94235
185,185,0,259,1087,771078,94235
186,186,0,259,1087,771078,94235
187,187,0,259,1087,771078,94235
188,188,0,259,1087,771078,94235
189,189,0,259,1087,771078,94235
190,190,0,259,1087,771078,94235
191,191,0,259,1087,771078,94235
192,192,0,259,1087,771078,94235
193,193,0,259,1087,771078,94235
194,194,0,259,1087,771078,94235
195,195,0,259,1087,771078,94235
196,196,0,259,1087,771078,94235
197,197,0,259,1087,771078,94235
198,198,0,259,1087,771078,94235
199,199,0,259,1087,771078,94235
200,200,0,259,1087,771078,94235
201,201,0,259,1087,771078,94235
202,202,0,259,1087,771078,94235
203,203,0,259,1087,771078,94235
204,204,0,259,1087,771078,94235
205,205,0,259,1087,771078,94235
206,206,0,259,1087,771078,94235
207,207,0,259,1087,771078,94235
208,208,0,259,1087,771078,94235
209,209,0,259,1087,771078,94235
210,210,0,259,1087,771078,94235
211,211,0,259,1087,771078,94235
212,212,0,259,1087,771078,94235
213,213,0,259,1087,771078,94235
214,214,0,259,1087,771078,94235
215,215,0,259,1087,771078,94235
216,216,0,259,1087,771078,94235
217,217,0,259,1087,771078,94235
218,218,0,259,1087,771078,94235
219,219,0,259,1087,771078,94235
220,220,0,259,1087,771078,94235
221,221,0,259,1087,771078,94235
222,222,0,259,1087,771078,94235
223,223,0,259,1087,771078,94235
224,224,0,259,1087,771078,94235
225,225,0,259,1087,771078,94235
226,226,0,259,1087,771078,94235
227,227,0,259,1087,771078,94235
228,228,0,259,1087,771078,94235
229,229,0,259,1087,771078,94235
230,230,0,259,1087,771078,94235
231,231,0,259,1087,771078,94235
232,232,0,259,1087,771078,94235
233,233,0,259,1087,771078,94235
234,234,0,259,1087,771078,94235
235,235,0,259,1087,771078,94235
236,236,0,259,1087,771078,94235
237,237,0,259,1087,771078,94235
238,238,0,259,1087,771078,94235
239,239,0,259,1087,771078,94235
240,240,0,259,1087,771078,94235
241,241,0,259,1087,771078,94235
242,242,0,259,1087,771078,94235
243,243,0,259,1087,771078,94235
244,244,0,259,1087,771078,94235
245,245,0,259,1087,771078,94235
246,246,0,259,1087,771078,94235
247,247,0,259,1087,771078,94235
248,248,0,259,1087,771078,94235
249,249,0,259,1087,771078,94235
250,250,0,259,1087,771078,94235
251,251,0,259,1087,771078,94235
252,252,0,259,1087,771078,94235
253,253,0,259,1087,771078,94235
254,254,0,259,1087,771078,94235
255,255,0,259,1087,771078,94235
256,256,0,259,1087,771078,94235
257,257,0,259,1087,771078,94235
258,258,0,259,1087,771078,94235
259,259,0,259,1087,771078,94235
260,260,0,259,1087,771078,94235
261,261,0,259,1087,771078,94235
262,262,0,259,1087,771078,94235
263,263,0,259,1087,771078,94235
264,264,0,259,1087,771078,94235
265,265,0,259,1087,771078,94235
266,266,0,259,1087,771078,94235
267,267,0,259,1087,771078,94235
268,268,0,259,1087,771078,94235
269,269,0,259,1087,771078,94235
270,270,0,259,1087,771078,94235
271,271,0,259,1087,771078,94235
272,272,0,259,1087,771078,94235
273,273,0,259,1087,771078,94235
274,274,0,259,1087,771078,94235
275,275,0,259,1087,771078,94235
276,276,0,259,1087,771078,94235
277,277,0,259,1087,771078,94235
278,278,0,259,1087,771078,94235
279,279,0,259,1087,771078,94235
280,280,0,259,1087,771078,94235
281,281,0,259,1087,771078,94235
282,282,0,259,1087,771078,94235
283,283,0,259,1087,771078,94235
284,284,0,259,1087,771078,94235
285,285,0,259,1087,771078,94235
286,286,0,259,1087,771078,94235
287,287,0,259,1087,771078,94235
288,288,0,259,1087,771078,94235
289,289,0,259,1087,771078,94235
290,290,0,259,1087,771078,94235
291,291,0,259,1087,771078,94235
292,292,0,259,1087,771078,94235
293,293,0,259,1087,771078,94235
294,294,0,259,1087,771078,94235
295,295,0,259,1087,771078,94235
296,296,0,259,1087,771078,94235
297,297,0,259,1087,771078,94235
298,298,0,259,1087,771078,94235
299,299,0,259,1087,771078,94235
300,300,0,259,1087,771078,94235
301,301,0,259,1087,771078,94235
302,302,0,259,1087,771078,94235
303,303,0,259,1087,771078,94235
304,304,0,259,1087,771078,94235
305,305,0,259,1087,771078,94235
306,306,0,259,1087,771078,94235
307,307,0,259,1087,771078,94235
308,308,0,259,1087,771078,94235
309,309,0,259,1087,771078,94235
310,310,0,259,1087,771078,94235
311,311,0,259,1087,771078,94235
312,312,0,259,1087,771078,94235
313,313,0,259,1087,771078,94235
314,314,0,259,1087,771078,94235
315,315,0,259,1087,771078,94235
316,316,0,259,1087,771078,94235
317,317,0,259,1087,771078,94235
318,318,0,259,1087,771078,94235
319,319,0,259,1087,771078,94235
320,320,0,259,1087,771078,94235
321,321,0,259,1087,771078,94235
322,322,0,259,1087,771078,94235
323,323,0,259,1087,771078,94235
324,324,0,259,1087,771078,94235
325,325,0,259,1087,771078,94235
326,326,0,259,1087,771078,94235
327,327,0,259,1087,771078,94235
328,328,0,259,1087,771078,94235
329,329,0,259,1087,771078,94235
330,330,0,259,1087,771078,94235
331,331,0,259,1087,771078,94235
332,332,0,259,1087,771078,94235
333,333,0,259,1087,771078,94235
334,334,0,259,1087,771078,94235
335,335,0,259,1087,771078,94235
336,336,0,259,1087,771078,94235
337,337,0,259,1087,771078,94235
338,338,0,259,1087,771078,94235
339,339,0,259,1087,771078,94235
340,340,0,259,1087,771078,94235
341,341,0,259,1087,771078,94235
342,342,0,259,1087,771078,94235
343,343,0,259,1087,771078,94235
344,344,0,259,1087,771078,94235
345,345,0,259,1087,771078,94235
346,346,0,259,1087,771078,94235
347,347,0,259,1087,771078,94235
348,348,0,259,1087,771078,94235
349,349,0,259,1087,771078,94235
350,350,0,259,1087,771078,94235
351,351,0,259,1087,771078,94235
352,352,0,259,1087,771078,94235
353,353,0,259,1087,771078,94235
354,354,0,259,1087,771078,94235
355,355,0,259,1087,771078,94235
356,356,0,259,1087,771078,94235
357,357,0,259,1087,771078,94235
358,358,0,259,1087,771078,94235
359,359,0,259,1087,771078,94235
360,360,0,259,1087,771078,94235
361,361,0,259,1087,771078,94235
362,362,0,259,1087,771078,94235
363,363,0,259,1087,771078,94235
364,364,0,259,1087,771078,94235
365,365,0,259,1087,771078,94235
366,366,0,259,1087,771078,94235
367,367,0,259,1087,771078,94235
368,368,0,259,1087,771078,94235
369,369,0,259,1087,771078,94235
370,370,0,259,1087,771078,94235
371,371,0,259,1087,771078,94235
372,372,0,259,1087,771078,94235
373,373,0,259,1087,771078,94235
374,374,0,259,1087,771078,94235
375,375,0,259,1087,771078,94235
376,376,0,259,1087,771078,94235
377,377,0,259,1087,771078,94235
378,378,0,259,1087,771078,94235
379,379,0,259,1087,771078,94235
380,380,0,259,1087,771078,94235
381,381,0,259,1087,771078,94235
382,382,0,259,1087,771078,94235
383,383,0,259,1087,771078,94235
384,384,0,259,1087,771078,94235
385,385,0,259,1087,771078,94235
386,386,0,259,1087,771078,94235
387,387,0,259,1087,771078,94235
388,388,0,259,1087,771078,94235
389,389,0,259,1087,771078,94235
390,390,0,259,1087,771078,94235
391,391,0,259,1087,771078,94235
392,392,0,259,1087,771078,94235
393,393,0,259,1087,771078,94235
394,394,0,259,1087,771078,94235
395,395,0,259,1087,771078,94235
396,396,0,259,1087,771078,94235
397,397,0,259,1087,771078,94235
398,398,0,259,1087,771078,94235
399,399,0,259,1087,771078,94235
400,400,0,259,1087,771078,94235
401,401,0,259,1087,771078,94235
402,402,0,259,1087,771078,94235
403,403,0,259,1087,771078,94235
404,404,0,259,1087,771078,94235
405,405,0,259,1087,771078,94235
406,406,0,259,1087,771078,94235
407,407,0,259,1087,771078,94235
408,408,0,259,1087,771078,94235
409,409,0,259,1087,771078,94235
410,410,0,259,1087,771078,94235
411,411,0,259,1087,771078,94235
412,412,0,259,1087,771078,94235
413,413,0,259,1087,771078,94235
414,414,0,259,1087,771078,94235
415,415,0,259,1087,771078,94235
416,416,0,259,1087,771078,94235
417,417,0,259,1087,771078,94235
418,418,0,259,1087,771078,94235
419,419,0,259,1087,771078,94235
420,420,0,259,1087,771078,94235
421,421,0,259,1087,771078,94235
422,422,0,259,1087,771078,94235
423,423,0,259,1087,771078,94235
424,424,0,259,1087,771078,94235
425,425,0,259,1087,771078,94235
426,426,0,259,1087,771078,94235
427,427,0,259,1087,771078,94235
428,428,0,259,1087,771078,94235
429,429,0,259,1087,771078,94235
430,430,0,259,1087,771078,94235
431,431,0,259,1087,771078,94235
432,432,0,259,1087,771078,94235
433,433,0,259,1087,771078,94235
434,434,0,259,1087,771078,94235
435,435,0,259,1087,771078,94235
436,436,0,259,1087,771078,94235
437,437,0,259,1087,771078,94235
438,438,0,259,1087,771078,94235
439,439,0,259,1087,771078,94235
440,440,0,259,1087,771078,94235
441,441,0,259,1087,771078,94235
442,442,0,259,1087,771078,94235
443,443,0,259,1087,771078,94235
444,444,0,259,1087,771078,94235
445,445,0,259,1087,771078,94235
446,446,0,259,1087,771078,94235
447,447,0,259,1087,771078,94235
448,448,0,259,1087,771078,94235
449,449,0,259,1087,771078,94235
450,450,0,259,1087,771078,94235
451,451,0,259,1087,771078,94235
452,452,0,259,1087,771078,94235
453,453,0,259,1087,771078,94235
454,454,0,259,1087,771078,94235
455,455,0,259,1087,771078,94235
456,456,0,259,1087,771078,94235
457,457,0,259,1087,771078,94235
458,458,0,259,1087,771078,94235
459,459,0,259,1087,771078,94235
460,460,0,259,1087,771078,94235
461,461,0,259,1087,771078,94235
462,462,0,259,1087,771078,94235
463,463,0,259,1087,771078,94235
464,464,0,259,1087,771078,94235
465,465,0,259,1087,771078,94235
466,466,0,259,1087,771078,94235
467,467,0,259,1087,771078,94235
468,468,0,259,1087,771078,94235
469,469,0,259,1087,771078,94235
470,470,0,259,1087,771078,94235
471,471,0,259,1087,771078,94235
472,472,0,259,1087,771078,94235
473,473,0,259,1087,771078,94235
474,474,0,259,1087,771078,94235
475,475,0,259,1087,771078,94235
476,476,0,259,1087,771078,94235
477,477,0,259,1087,771078,94235
478,478,0,259,1087,771078,94235
479,479,0,259,1087,771078,94235
480,480,0,259,1087,771078,94235
481,481,0,259,1087,771078,94235
482,482,0,259,1087,771078,94235
483,483,0,259,1087,771078,94235
484,484,0,259,1087,771078,94235
485,485,0,259,1087,771078,94235
486,486,0,259,1087,771078,94235
487,487,0,259,1087,771078,94235
488,488,0,259,1087,771078,94235
489,489,0,259,1087,771078,94235
490,490,0,259,1087,771078,94235
491,491,0,259,1087,771078,94235
492,492,0,259,1087,771078,94235
493,493,0,259,1087,771078,94235
494,494,0,259,1087,771078,94235
495,495,0,259,1087,771078,94235
496,496,0,259,1087,771078,94235
497,497,0,259,1087,771078,94235
498,498,0,259,1087,771078,94235
499,499,0,259,1087,771078,94235
500,500,0,259,1087,771078,94235
501,501,0,259,1087,771078,94235
502,502,0,259,1087,771078,94235
503,503,0,259,1087,771078,94235
504,504,0,259,1087,771078,94235
505,505,0,259,1087,771078,94235
506,506,0,259,1087,771078,94235
507,507,0,259,1087,771078,94235
508,508,0,259,1087,771078,94235
509,509,0,259,1087,771078,94235
510,510,0,259,1087,771078,94235
511,511,0,259,1087,771078,94235
512,512,1,259,1087,771078,94235
513,513,0,259,1087,771078,94235
514,514,0,259,1087,771078,94235
515,515,0,259,1087,771078,94235
516,516,0,259,1087,771078,94235
517,517,0,259,1087,771078,94235
518,518,0,259,1087,771078,94235
519,519,0,259,1087,771078,94235
520,520,0,259,1087,771078,94235
521,521,0,259,1087,771078,94235
522,522,0,259,1087,771078,94235
523,523,0,259,1087,771078,94235
524,524,0,259,1087,771078,94235
525,525,0,259,1087,771078,94235
526,526,0,259,1087,771078,94235
527,527,0,259,1087,771078,94235
528,528,0,259,1087,771078,94235
529,529,0,259,1087,771078,94235
530,530,0,259,1087,771078,94235
531,531,0,259,1087,771078,94235
532,532,0,259,1087,771078,94235
533,533,0,259,1087,771078,94235
534,534,0,259,1087,771078,94235
535,535,0,259,1087,771078,94235
536,536,0,259,1087,771078,94235
537,537,0,259,1087,771078,94235
538,538,0,259,1087,771078,94235
539,539,0,259,1087,771078,94235
540,540,0,259,1087,771078,94235
541,541,0,259,1087,771078,94235
542,542,0,259,1087,771078,94235
543,543,0,259,1087,771078,94235
544,544,0,259,1087,771078,94235
545,545,0,259,1087,771078,94235
546,546,0,259,1087,771078,94235
547,547,0,259,1087,771078,94235
548,548,0,259,1087,771078,94235
549,549,0,259,1087,771078,94235
550,550,0,259,1087,771078,94235
551,551,0,259,1087,771078,94235
552,552,0,259,1087,771078,94235
553,553,0,259,1087,771078,94235
554,554,0,259,1087,771078,94235
555,555,0,259,1087,771078,94235
556,556,0,259,1087,771078,94235
557,557,0,259,1087,771078,94235
558,558,0,259,1087,771078,94235
559,559,0,259,1087,771078,94235
560,560,0,259,1087,771078,94235
561,561,0,259,1087,771078,94235
562,562,0,259,1087,771078,94235
563,563,0,259,1087,771078,94235
564,564,0,259,1087,771078,94235
565,565,0,259,1087,771078,94235
566,566,0,259,1087,771078,94235
567,567,0,259,1087,771078,94235
568,568,0,259,1087,771078,94235
569,569,0,259,1087,771078,94235
570,570,0,259,1087,771078,94235
571,571,0,259,1087,771078,94235
572,572,0,259,1087,771078,94235
573,573,0,259,1087,771078,94235
574,574,0,259,1087,771078,94235
575,575,0,259,1087,771078,94235
576,576,0,259,1087,771078,94235
577,577,0,259,1087,771078,94235
578,578,0,259,1087,771078,94235
579,579,0,259,1087,771078,94235
580,580,0,259,1087,771078,94235
581,581,0,259,1087,771078,94235
582,582,0,259,1087,771078,94235
583,583,0,259,1087,771078,94235
584,584,0,259,1087,771078,94235
585,585,0,259,1087,771078,94235
586,586,0,259,1087,771078,94235
587,587,0,259,1087,771078,94235
588,588,0,259,1087,771078,94235
589,589,0,259,1087,771078,94235
590,590,0,259,1087,771078,94235
591,591,0,259,1087,771078,94235
592,592,0,259,1087,771078,94235
593,593,0,259,1087,771078,94235
594,594,0,259,1087,771078,94235
595,595,0,259,1087,771078,94235
596,596,0,259,1087,771078,94235
597,597,0,259,1087,771078,94235
598,598,0,259,1087,771078,94235
599,599,0,259,1087,771078,94235
600,600,0,259,1087,771078,94235
601,601,0,259,1087,771078,94235
602,602,0,259,1087,771078,94235
603,603,0,259,1087,771078,94235
604,604,0,259,1087,771078,94235
605,605,0,259,1087,771078,94235
606,606,0,259,1087,771078,94235
607,607,0,259,1087,771078,94235
608,608,0,259,1087,771078,94235
609,609,0,259,1087,771078,94235
610,610,0,259,1087,771078,94235
611,611,0,259,1087,771078,94235
612,612,0,259,1087,771078,94235
613,613,0,259,1087,771078,94235
614,614,0,259,1087,771078,94235
615,615,0,259,1087,771078,94235
616,616,0,259,1087,771078,94235
617,617,0,259,1087,771078,94235
618,618,0,259,1087,771078,94235
619,619,0,259,1087,771078,94235
620,620,0,259,1087,771078,94235
621,621,0,259,1087,771078,94235
622,622,0,259,1087,771078,94235
623,623,0,259,1087,771078,94235
624,624,0,259,1087,771078,94235
625,625,0,259,1087,771078,94235
626,626,0,259,1087,771078,94235
627,627,0,259,1087,771078,94235
628,628,0,259,1087,771078,94235
629,629,0,259,1087,771078,94235
630,630,0,259,1087,771078,94235
631,631,0,259,1087,771078,94235
632,632,0,259,1087,771078,94235
633,633,0,259,1087,771078,94235
634,634,0,259,1087,771078,94235
635,635,0,259,1087,771078,94235
636,636,0,259,1087,771078,94235
637,637,0,259,1087,771078,94235
638,638,0,259,1087,771078,94235
639,639,0,259,1087,771078,94235
640,640,0,259,1087,771078,94235
641,641,0,259,1087,771078,94235
642,642,0,259,1087,771078,94235
643,643,0,259,1087,771078,94235
644,644,0,259,1087,771078,94235
645,645,0,259,1087,771078,94235
646,646,0,259,1087,771078,94235
647,647,0,259,1087,771078,94235
648,648,0,259,1087,771078,94235
649,649,0,259,1087,771078,94235
650,650,0,259,1087,771078,94235
651,651,0,259,1087,771078,94235
652,652,0,259,1087,771078,94235
653,653,0,259,1087,771078,94235
654,654,0,259,1087,771078,94235
655,655,0,259,1087,771078,94235
656,656,0,259,1087,771078,94235
657,657,0,259,1087,771078,94235
658,658,0,259,1087,771078,94235
659,659,0,259,1087,771078,94235
660,660,0,259,1087,771078,94235
661,661,0,259,1087,771078,94235
662,662,0,259,1087,771078,94235
663,663,0,259,1087,771078,94235
664,664,0,259,1087,771078,94235
665,665,0,259,1087,771078,94235
666,666,0,259,1087,771078,94235
667,667,0,259,1087,771078,94235
668,668,0,259,1087,771078,94235
669,669,0,259,1087,771078,94235
670,670,0,259,1087,771078,94235
671,671,0,259,1087,771078,94235
672,672,0,259,1087,771078,94235
673,673,0,259,1087,771078,94235
674,674,0,259,1087,771078,94235
675,675,0,259,1087,771078,94235
676,676,0,259,1087,771078,94235
677,677,0,259,1087,771078,94235
678,678,0,259,1087,771078,94235
679,679,0,259,1087,771078,94235
680,680,0,259,1087,771078,94235
681,681,0,259,1087,771078,94235
682,682,0,259,1087,771078,94235
683,683,0,259,1087,771078,94235
684,684,0,259,1087,771078,94235
685,685,0,259,1087,771078,94235
686,686,0,259,1087,771078,94235
687,687,0,259,1087,771078,94235
688,688,0,259,1087,771078,94235
689,689,0,259,1087,771078,94235
690,690,0,259,1087,771078,94235
691,691,0,259,1087,771078,94235
692,692,0,259,1087,771078,94235
693,693,0,259,1087,771078,94235
694,694,0,259,1087,771078,94235
695,695,0,259,1087,771078,94235
696,696,0,259,1087,771078,94235
697,697,0,259,1087,771078,94235
698,698,0,259,1087,771078,94235
699,699,0,259,1087,771078,94235
700,700,0,259,1087,771078,94235
701,701,0,259,1087,771078,94235
702,702,0,259,1087,771078,94235
703,703,0,259,1087,771078,94235
704,704,0,259,1087,771078,94235
705,705,0,259,1087,771078,94235
706,706,0,259,1087,771078,94235
707,707,0,259,1087,771078,94235
708,708,0,259,1087,771078,94235
709,709,0,259,1087,771078,94235
710,710,0,259,1087,771078,94235
711,711,0,259,1087,771078,94235
712,712,0,259,1087,771078,94235
713,713,0,259,1087,771078,94235
714,714,0,259,1087,771078,94235
715,715,0,259,1087,771078,94235
716,716,0,259,1087,771078,94235
717,717,0,259,1087,771078,94235
718,718,0,259,1087,771078,94235
719,719,0,259,1087,771078,94235
720,720,0,259,1087,771078,94235
721,721,0,259,1087,771078,94235
722,722,0,259,1087,771078,94235
723,723,0,259,1087,771078,94235
724,724,0,259,1087,771078,94235
725,725,0,259,1087,771078,94235
726,726,0,259,1087,771078,94235
727,727,0,259,1087,771078,94235
728,728,0,259,1087,771078,94235
729,729,0,259,1087,771078,94235
730,730,0,259,1087,771078,94235
731,731,0,259,1087,771078,94235
732,732,0,259,1087,771078,94235
733,733,0,259,1087,771078,94235
734,734,0,259,1087,771078,94235
735,735,0,259,1087,771078,94235
736,736,0,259,1087,771078,94235
737,737,0,259,1087,771078,94235
738,738,0,259,1087,771078,94235
739,739,0,259,1087,771078,94235
740,740,0,259,1087,771078,94235
741,741,0,259,1087,771078,94235
742,742,0,259,1087,771078,94235
743,743,0,259,1087,771078,94235
744,744,0,259,1087,771078,94235
745,745,0,259,1087,771078,94235
746,746,0,259,1087,771078,94235
747,747,0,259,1087,771078,94235
748,748,0,259,1087,771078,94235
749,749,0,259,1087,771078,94235
750,750,0,259,1087,771078,94235
751,751,0,259,1087,771078,94235
752,752,0,259,1087,771078,94235
753,753,0,259,1087,771078,94235
754,754,0,259,1087,771078,94235
755,755,0,259,1087,771078,94235
756,756,0,259,1087,771078,94235
757,757,0,259,1087,771078,94235
758,758,0,259,1087,771078,94235
759,759,0,259,1087,771078,94235
760,760,0,259,1087,771078,94235
761,761,0,259,1087,771078,94235
762,762,0,259,1087,771078,94235
763,763,0,259,1087,771078,94235
764,764,0,259,1087,771078,94235
765,765,0,259,1087,771078,94235
766,766,0,259,1087,771078,94235
767,767,0,259,1087,771078,94235
768,768,0,259,1087,771078,94235
769,769,0,259,1087,771078,94235
770,770,0,259,1087,771078,94235
771,771,0,259,1087,771078,94235
772,772,0,259,1087,771078,94235
773,773,0,259,1087,771078,94235
774,774,0,259,1087,771078,94235
775,775,0,259,1087,771078,94235
776,776,0,259,1087,771078,94235
777,777,0,259,1087,771078,94235
778,778,0,259,1087,771078,94235
779,779,0,259,1087,771078,94235
780,780,0,259,1087,771078,94235
781,781,0,259,1087,771078,94235
782,782,0,259,1087,771078,94235
783,783,0,259,1087,771078,94235
784,784,0,259,1087,771078,94235
785,785,0,259,1087,771078,94235
786,786,0,259,1087,771078,94235
787,787,0,259,1087,771078,94235
788,788,0,259,1087,771078,94235
789,789,0,259,1087,771078,94235
790,790,0,259,1087,771078,94235
791,791,0,259,1087,771078,94235
792,792,0,259,1087,771078,94235
793,793,0,259,1087,771078,94235
794,794,0,259,1087,771078,94235
795,795,0,259,1087,771078,94235
796,796,0,259,1087,771078,94235
797,797,0,259,1087,771078,94235
798,798,0,259,1087,771078,94235
799,799,0,259,1087,771078,94235
800,800,0,259,1087,771078,94235
801,801,0,259,1087,771078,94235
802,802,0,259,1087,771078,94235
803,803,0,259,1087,771078,94235
804,804,0,259,1087,771078,94235
805,805,0,259,1087,771078,94235
806,806,0,259,1087,771078,94235
807,807,0,259,1087,771078,94235
808,808,0,259,1087,771078,94235
809,809,0,259,1087,771078,94235
810,810,0,259,1087,771078,94235
811,811,0,259,1087,771078,94235
812,812,0,259,1087,771078,94235
813,813,0,259,1087,771078,94235
814,814,0,259,1087,771078,94235
815,815,0,259,1087,771078,94235
816,816,0,259,1087,771078,94235
817,817,0,259,1087,771078,94235
818,818,0,259,1087,771078,94235
819,819,0,259,1087,771078,94235
820,820,0,259,1087,771078,94235
821,821,0,259,1087,771078,94235
822,822,0,259,1087,771078,94235
823,823,0,259,1087,771078,94235
824,824,0,259,1087,771078,94235
825,825,0,259,1087,771078,94235
826,826,0,259,1087,771078,94235
827,827,0,259,1087,771078,94235
828,828,0,259,1087,771078,94235
829,829,0,259,1087,771078,94235
830,830,0,259,1087,771078,94235
831,831,0,259,1087,771078,94235
832,832,0,259,1087,771078,94235
833,833,0,259,1087,771078,94235
834,834,0,259,1087,771078,94235
835,835,0,259,1087,771078,94235
836,836,0,259,1087,771078,94235
837,837,0,259,1087,771078,94235
838,838,0,259,1087,771078,94235
839,839,0,259,1087,771078,94235
840,840,0,259,1087,771078,94235
841,841,0,259,1087,771078,94235
842,842,0,259,1087,771078,94235
843,843,0,259,1087,771078,94235
844,844,0,259,1087,771078,94235
845,845,0,259,1087,771078,94235
846,846,0,259,1087,771078,94235
847,847,0,259,1087,771078,94235
848,848,0,259,1087,771078,94235
849,849,0,259,1087,771078,94235
850,850,0,259,1087,771078,94235
851,851,0,259,1087,771078,94235
852,852,0,259,1087,771078,94235
853,853,0,259,1087,771078,94235
854,854,0,259,1087,771078,94235
855,855,0,259,1087,771078,94235
856,856,0,259,1087,771078,94235
857,857,0,259,1087,771078,94235
858,858,0,259,1087,771078,94235
859,859,0,259,1087,771078,94235
860,860,0,259,1087,771078,94235
861,861,0,259,1087,771078,94235
862,862,0,259,1087,771078,94235
863,863,0,259,1087,771078,94235
864,864,0,259,1087,771078,94235
865,865,0,259,1087,771078,94235
866,866,0,259,1087,771078,94235
867,867,0,259,1087,771078,94235
868,868,0,259,1087,771078,94235
869,869,0,259,1087,771078,94235
870,870,0,259,1087,771078,94235
871,871,0,259,1087,771078,94235
872,872,0,259,1087,771078,94235
873,873,0,259,1087,771078,94235
874,874,0,259,1087,771078,94235
875,875,0,259,1087,771078,94235
876,876,0,259,1087,771078,94235
877,877,0,259,1087,771078,94235
878,878,0,259,1087,771078,94235
879,879,0,259,1087,771078,94235
880,880,0,259,1087,771078,94235
881,881,0,259,1087,771078,94235
882,882,0,259,1087,771078,94235
883,883,0,259,1087,771078,94235
884,884,0,259,1087,771078,94235
885,885,0,259,1087,771078,94235
886,886,0,259,1087,771078,94235
887,887,0,259,1087,771078,94235
888,888,0,259,1087,771078,94235
889,889,0,259,1087,771078,94235
890,890,0,259,1087,771078,94235
891,891,0,259,1087,771078,94235
892,892,0,259,1087,771078,94235
893,893,0,259,1087,771078,94235
894,894,0,259,1087,771078,94235
895,895,0,259,1087,771078,94235
896,896,0,259,1087,771078,94235
897,897,0,259,1087,771078,94235
898,898,0,259,1087,771078,94235
899,899,0,259,1087,771078,94235
900,900,0,259,1087,771078,94235
901,901,0,259,1087,771078,94235
902,902,0,259,1087,771078,94235
903,903,0,259,1087,771078,94235
904,904,0,259,1087,771078,94235
905,905,0,259,1087,771078,94235
906,906,0,259,1087,771078,94235
907,907,0,259,1087,771078,94235
908,908,0,259,1087,771078,94235
909,909,0,259,1087,771078,94235
910,910,0,259,1087,771078,94235
911,911,0,259,1087,771078,94235
912,912,0,259,1087,771078,94235
913,913,0,259,1087,771078,94235
914,914,0,259,1087,771078,94235
915,915,0,259,1087,771078,94235
916,916,0,259,1087,771078,94235
917,917,0,259,1087,771078,94235
918,918,0,259,1087,771078,94235
919,919,0,259,1087,771078,94235
920,920,0,259,1087,771078,94235
921,921,0,259,1087,771078,94235
922,922,0,259,1087,771078,94235
923,923,0,259,1087,771078,94235
924,924,0,259,1087,771078,94235
925,925,0,259,1087,771078,94235
926,926,0,259,1087,771078,94235
927,927,0,259,1087,771078,94235
928,928,0,259,1087,771078,94235
929,929,0,259,1087,771078,94235
930,930,0,259,1087,771078,94235
931,931,0,259,1087,771078,94235
932,932,0,259,1087,771078,94235
933,933,0,259,1087,771078,94235
934,934,0,259,1087,771078,94235
935,935,0,259,1087,771078,94235
936,936,0,259,1087,771078,94235
937,937,0,259,1087,771078,94235
938,938,0,259,1087,771078,94235
939,939,0,259,1087,771078,94235
940,940,0,259,1087,771078,94235
941,941,0,259,1087,771078,94235
942,942,0,259,1087,771078,94235
943,943,0,259,1087,771078,94235
944,944,0,259,1087,771078,94235
945,945,0,259,1087,771078,94235
946,946,0,259,1087,771078,94235
947,947,0,259,1087,771078,94235
948,948,0,259,1087,771078,94235
949,949,0,259,1087,771078,94235
950,950,0,259,1087,771078,94235
951,951,0,259,1087,771078,94235
952,952,0,259,1087,771078,94235
953,953,0,259,1087,771078,94235
954,954,0,259,1087,771078,94235
955,955,0,259,1087,771078,94235
956,956,0,259,1087,771078,94235
957,957,0,259,1087,771078,94235
958,958,0,259,1087,771078,94235
959,959,0,259,1087,771078,94235
960,960,0,259,1087,771078,94235
961,961,0,259,1087,771078,94235
962,962,0,259,1087,771078,94235
963,963,0,259,1087,771078,94235
964,964,0,259,1087,771078,94235
965,965,0,259,1087,771078,94235
966,966,0,259,1087,771078,94235
967,967,0,259,1087,771078,94235
968,968,0,259,1087,771078,94235
969,969,0,259,1087,771078,94235
970,970,0,259,1087,771078,94235
971,971,0,259,1087,771078,94235
972,972,0,259,1087,771078,94235
973,973,0,259,1087,771078,94235
974,974,0,259,1087,771078,94235
975,975,0,259,1087,771078,94235
976,976,0,259,1087,771078,94235
977,977,0,259,1087,771078,94235
978,978,0,259,1087,771078,94235
979,979,0,259,1087,771078,94235
980,980,0,259,1087,771078,94235
981,981,0,259,1087,771078,94235
982,982,0,259,1087,771078,94235
983,983,0,259,1087,771078,94235
984,984,0,259,1087,771078,94235
985,985,0,259,1087,771078,94235
986,986,0,259,1087,771078,94235
987,987,0,259,1087,771078,94235
988,988,0,259,1087,771078,94235
989,989,0,259,1087,771078,94235
990,990,0,259,1087,771078,94235
991,991,0,259,1087,771078,94235
992,992,0,259,1087,771078,94235
993,993,0,259,1087,771078,94235
994,994,0,259,1087,771078,94235
995,995,0,259,1087,771078,94235
996,996,0,259,1087,771078,94235
997,997,0,259,1087,771078,94235
998,998,0,259,1087,771078,94235
999,999,0,259,1087,771078,94235
1000,1000,0,259,1087,771078,94235
1001,1001,0,259,1087,771078,94235
1002,1002,0,259,1087,771078,94235
1003,1003,0,259,1087,771078,94235
1004,1004,0,259,1087,771078,94235
1005,1005,0,259,1087,771078,94235
1006,1006,0,259,1087,771078,94235
1007,1007,0,259,1087,771078,94235
1008,1008,0,259,1087,771078,94235
1009,1009,0,259,1087,771078,94235
1010,1010,0,259,1087,771078,94235
1011,1011,0,259,1087,771078,94235
1012,1012,0,259,1087,771078,94235
1013,1013,0,259,1087,771078,94235
1014,1014,0,259,1087,771078,94235
1015,1015,0,259,1087,771078,94235
1016,1016,0,259,1087,771078,94235
1017,1017,0,259,1087,771078,94235
1018,1018,0,259,1087,771078,94235
1019,1019,0,259,1087,771078,94235
1020,1020,0,259,1087,771078,94235
1021,1021,0,259,1087,771078,94235
1022,1022,0,259,1087,771078,94235
1023,1023,0,259,1087,771078,94235
